id,name,parent,type,is_deleted,created_at,updated_at,active,source_id
1830442,505A,2256,6,FALSE,now(),now(),TRUE,18030
1830443,506A,2256,6,FALSE,now(),now(),TRUE,18036
1830444,506B,2256,6,FALSE,now(),now(),TRUE,18072
1830445,505B,2256,6,FALSE,now(),now(),TRUE,18107
1830446,605A,2257,6,FALSE,now(),now(),TRUE,18024
1830447,606B,2257,6,FALSE,now(),now(),TRUE,18029
1830448,601A,2257,6,FALSE,now(),now(),TRUE,18031
1830449,604B,2257,6,FALSE,now(),now(),TRUE,18035
1830450,605B,2257,6,FALSE,now(),now(),TRUE,18037
1830451,606A,2257,6,FALSE,now(),now(),TRUE,18051
1830452,601B,2257,6,FALSE,now(),now(),TRUE,18054
1830453,603B,2257,6,FALSE,now(),now(),TRUE,18079
1830454,603A,2257,6,FALSE,now(),now(),TRUE,18102
1830455,602A,2257,6,FALSE,now(),now(),TRUE,18155
1830456,602B,2257,6,FALSE,now(),now(),TRUE,18156
1830457,604A,2257,6,FALSE,now(),now(),TRUE,18157
1830458,811A,2248,6,FALSE,now(),now(),TRUE,18059
1830459,810B,2248,6,FALSE,now(),now(),TRUE,18066
1830460,811B,2248,6,FALSE,now(),now(),TRUE,18095
1830461,812A,2248,6,FALSE,now(),now(),TRUE,18104
1830462,808A,2248,6,FALSE,now(),now(),TRUE,18105
1830463,809A,2248,6,FALSE,now(),now(),TRUE,18112
1830464,809B,2248,6,FALSE,now(),now(),TRUE,18113
1830465,812B,2248,6,FALSE,now(),now(),TRUE,18173
1830466,808B,2248,6,FALSE,now(),now(),TRUE,18174
1830467,810A,2248,6,FALSE,now(),now(),TRUE,18176
1830468,303B,2240,6,FALSE,now(),now(),TRUE,18015
1830469,304A,2240,6,FALSE,now(),now(),TRUE,18016
1830470,305A,2240,6,FALSE,now(),now(),TRUE,18017
1830471,304B,2240,6,FALSE,now(),now(),TRUE,18021
1830472,306B,2240,6,FALSE,now(),now(),TRUE,18023
1830473,303A,2240,6,FALSE,now(),now(),TRUE,18048
1830474,305B,2240,6,FALSE,now(),now(),TRUE,18049
1830475,302B,2240,6,FALSE,now(),now(),TRUE,18052
1830476,306A,2240,6,FALSE,now(),now(),TRUE,18062
1830477,302A,2240,6,FALSE,now(),now(),TRUE,18094
1830478,301B,2240,6,FALSE,now(),now(),TRUE,18097
1830479,301A,2240,6,FALSE,now(),now(),TRUE,18127
1830480,503A,2238,6,FALSE,now(),now(),TRUE,18019
1830481,506B,2238,6,FALSE,now(),now(),TRUE,18020
1830482,507B,2238,6,FALSE,now(),now(),TRUE,18039
1830483,502A,2238,6,FALSE,now(),now(),TRUE,18040
1830484,503B,2238,6,FALSE,now(),now(),TRUE,18042
1830485,506A,2238,6,FALSE,now(),now(),TRUE,18080
1830486,505B,2238,6,FALSE,now(),now(),TRUE,18087
1830487,508B,2238,6,FALSE,now(),now(),TRUE,18093
1830488,509A,2238,6,FALSE,now(),now(),TRUE,18110
1830489,509B,2238,6,FALSE,now(),now(),TRUE,18111
1830490,504A,2238,6,FALSE,now(),now(),TRUE,18122
1830491,501B,2238,6,FALSE,now(),now(),TRUE,18133
1830492,507A,2238,6,FALSE,now(),now(),TRUE,18145
1830493,505A,2238,6,FALSE,now(),now(),TRUE,18147
1830494,501A,2238,6,FALSE,now(),now(),TRUE,18161
1830495,502B,2238,6,FALSE,now(),now(),TRUE,18162
1830496,508A,2238,6,FALSE,now(),now(),TRUE,18163
1830497,504B,2238,6,FALSE,now(),now(),TRUE,18178
1830498,602B,2237,6,FALSE,now(),now(),TRUE,18025
1830499,602A,2237,6,FALSE,now(),now(),TRUE,18084
1830500,601A,2237,6,FALSE,now(),now(),TRUE,18114
1830501,601B,2237,6,FALSE,now(),now(),TRUE,18124
1830502,604A,2237,6,FALSE,now(),now(),TRUE,18131
1830503,603B,2237,6,FALSE,now(),now(),TRUE,18134
1830504,606D,2237,6,FALSE,now(),now(),TRUE,18137
1830505,605A,2237,6,FALSE,now(),now(),TRUE,18140
1830506,605B,2237,6,FALSE,now(),now(),TRUE,18153
1830507,603A,2237,6,FALSE,now(),now(),TRUE,18154
1830508,604B,2237,6,FALSE,now(),now(),TRUE,18164
1830509,903B,2383,6,FALSE,now(),now(),TRUE,18026
1830510,904A,2383,6,FALSE,now(),now(),TRUE,18034
1830511,901B,2383,6,FALSE,now(),now(),TRUE,18073
1830512,906A,2383,6,FALSE,now(),now(),TRUE,18100
1830513,903A,2383,6,FALSE,now(),now(),TRUE,18115
1830514,905A,2383,6,FALSE,now(),now(),TRUE,18116
1830515,902A,2383,6,FALSE,now(),now(),TRUE,18118
1830516,901A,2383,6,FALSE,now(),now(),TRUE,18120
1830517,906B,2383,6,FALSE,now(),now(),TRUE,18125
1830518,904B,2383,6,FALSE,now(),now(),TRUE,18126
1830519,905B,2383,6,FALSE,now(),now(),TRUE,18143
1830520,902B,2383,6,FALSE,now(),now(),TRUE,18144
1830521,705B,2236,6,FALSE,now(),now(),TRUE,18038
1830522,704B,2236,6,FALSE,now(),now(),TRUE,18053
1830523,706D,2236,6,FALSE,now(),now(),TRUE,18067
1830524,703A,2236,6,FALSE,now(),now(),TRUE,18075
1830525,705A,2236,6,FALSE,now(),now(),TRUE,18083
1830526,704A,2236,6,FALSE,now(),now(),TRUE,18089
1830527,702B,2236,6,FALSE,now(),now(),TRUE,18090
1830528,703B,2236,6,FALSE,now(),now(),TRUE,18106
1830529,702A,2236,6,FALSE,now(),now(),TRUE,18142
1830530,701A,2236,6,FALSE,now(),now(),TRUE,18165
1830531,701B,2236,6,FALSE,now(),now(),TRUE,18171
1830532,803B,2235,6,FALSE,now(),now(),TRUE,18027
1830533,809A,2235,6,FALSE,now(),now(),TRUE,18032
1830534,805B,2235,6,FALSE,now(),now(),TRUE,18046
1830535,804B,2235,6,FALSE,now(),now(),TRUE,18047
1830536,802B,2235,6,FALSE,now(),now(),TRUE,18056
1830537,808A,2235,6,FALSE,now(),now(),TRUE,18057
1830538,806B,2235,6,FALSE,now(),now(),TRUE,18070
1830539,809B,2235,6,FALSE,now(),now(),TRUE,18091
1830540,801B,2235,6,FALSE,now(),now(),TRUE,18092
1830541,804A,2235,6,FALSE,now(),now(),TRUE,18096
1830542,803A,2235,6,FALSE,now(),now(),TRUE,18121
1830543,802A,2235,6,FALSE,now(),now(),TRUE,18128
1830544,807B,2235,6,FALSE,now(),now(),TRUE,18132
1830545,807A,2235,6,FALSE,now(),now(),TRUE,18138
1830546,805A,2235,6,FALSE,now(),now(),TRUE,18148
1830547,801A,2235,6,FALSE,now(),now(),TRUE,18166
1830548,806A,2235,6,FALSE,now(),now(),TRUE,18167
1830549,808B,2235,6,FALSE,now(),now(),TRUE,18168
1830550,128D,2233,6,FALSE,now(),now(),TRUE,18028
1830551,123A,2233,6,FALSE,now(),now(),TRUE,18044
1830552,127D,2233,6,FALSE,now(),now(),TRUE,18074
1830553,124A,2233,6,FALSE,now(),now(),TRUE,18076
1830554,121B,2233,6,FALSE,now(),now(),TRUE,18078
1830555,126D,2233,6,FALSE,now(),now(),TRUE,18086
1830556,123B,2233,6,FALSE,now(),now(),TRUE,18098
1830557,121A,2233,6,FALSE,now(),now(),TRUE,18101
1830558,124B,2233,6,FALSE,now(),now(),TRUE,18108
1830559,122A,2233,6,FALSE,now(),now(),TRUE,18158
1830560,122B,2233,6,FALSE,now(),now(),TRUE,18159
1830561,125D,2233,6,FALSE,now(),now(),TRUE,18160
1830562,1002A,2396,6,FALSE,now(),now(),TRUE,18022
1830563,1008D,2396,6,FALSE,now(),now(),TRUE,18041
1830564,1009A,2396,6,FALSE,now(),now(),TRUE,18045
1830565,1003B,2396,6,FALSE,now(),now(),TRUE,18061
1830566,1006B,2396,6,FALSE,now(),now(),TRUE,18063
1830567,1007B,2396,6,FALSE,now(),now(),TRUE,18064
1830568,1006A,2396,6,FALSE,now(),now(),TRUE,18065
1830569,1004A,2396,6,FALSE,now(),now(),TRUE,18068
1830570,1005B,2396,6,FALSE,now(),now(),TRUE,18081
1830571,1005A,2396,6,FALSE,now(),now(),TRUE,18082
1830572,1009B,2396,6,FALSE,now(),now(),TRUE,18109
1830573,1003A,2396,6,FALSE,now(),now(),TRUE,18119
1830574,1004B,2396,6,FALSE,now(),now(),TRUE,18129
1830575,1002B,2396,6,FALSE,now(),now(),TRUE,18141
1830576,1007A,2396,6,FALSE,now(),now(),TRUE,18150
1830577,1010D,2396,6,FALSE,now(),now(),TRUE,18169
1830578,1001A,2396,6,FALSE,now(),now(),TRUE,18172
1830579,1001B,2396,6,FALSE,now(),now(),TRUE,18177
1830580,404A,2239,6,FALSE,now(),now(),TRUE,18033
1830581,406B,2239,6,FALSE,now(),now(),TRUE,18043
1830582,406A,2239,6,FALSE,now(),now(),TRUE,18050
1830583,401A,2239,6,FALSE,now(),now(),TRUE,18055
1830584,401B,2239,6,FALSE,now(),now(),TRUE,18060
1830585,405B,2239,6,FALSE,now(),now(),TRUE,18069
1830586,402D,2239,6,FALSE,now(),now(),TRUE,18077
1830587,405A,2239,6,FALSE,now(),now(),TRUE,18085
1830588,403A,2239,6,FALSE,now(),now(),TRUE,18099
1830589,403B,2239,6,FALSE,now(),now(),TRUE,18103
1830590,404B,2239,6,FALSE,now(),now(),TRUE,18123
1830591,1102B,2397,6,FALSE,now(),now(),TRUE,18018
1830592,1103A,2397,6,FALSE,now(),now(),TRUE,18058
1830593,1108B,2397,6,FALSE,now(),now(),TRUE,18071
1830594,1103B,2397,6,FALSE,now(),now(),TRUE,18088
1830595,1104D,2397,6,FALSE,now(),now(),TRUE,18117
1830596,1101A,2397,6,FALSE,now(),now(),TRUE,18130
1830597,1108A,2397,6,FALSE,now(),now(),TRUE,18135
1830598,1107B,2397,6,FALSE,now(),now(),TRUE,18136
1830599,1102A,2397,6,FALSE,now(),now(),TRUE,18139
1830600,1107A,2397,6,FALSE,now(),now(),TRUE,18146
1830601,1106B,2397,6,FALSE,now(),now(),TRUE,18149
1830602,1101B,2397,6,FALSE,now(),now(),TRUE,18151
1830603,1106A,2397,6,FALSE,now(),now(),TRUE,18152
1830604,1105B,2397,6,FALSE,now(),now(),TRUE,18170
1830605,1105A,2397,6,FALSE,now(),now(),TRUE,18175
